{"assets/fonts/Sora-Regular.ttf":["assets/fonts/Sora-Regular.ttf"],"assets/images/africa.png":["assets/images/africa.png"],"assets/images/agenda.png":["assets/images/agenda.png"],"assets/images/appbarlogo.png":["assets/images/appbarlogo.png"],"assets/images/appbarlogo.svg":["assets/images/appbarlogo.svg"],"assets/images/appicon.png":["assets/images/appicon.png"],"assets/images/background.png":["assets/images/background.png"],"assets/images/banner.png":["assets/images/banner.png"],"assets/images/chat.png":["assets/images/chat.png"],"assets/images/dancing.jpg":["assets/images/dancing.jpg"],"assets/images/dilogo.png":["assets/images/dilogo.png"],"assets/images/events.png":["assets/images/events.png"],"assets/images/files.png":["assets/images/files.png"],"assets/images/galleryicon.png":["assets/images/galleryicon.png"],"assets/images/gather.png":["assets/images/gather.png"],"assets/images/gold.png":["assets/images/gold.png"],"assets/images/homebanner.png":["assets/images/homebanner.png"],"assets/images/homeicon.png":["assets/images/homeicon.png"],"assets/images/landing.png":["assets/images/landing.png"],"assets/images/listview.png":["assets/images/listview.png"],"assets/images/live.png":["assets/images/live.png"],"assets/images/logo.png":["assets/images/logo.png"],"assets/images/logo1.png":["assets/images/logo1.png"],"assets/images/mainlogo.png":["assets/images/mainlogo.png"],"assets/images/megaphone.png":["assets/images/megaphone.png"],"assets/images/microphone.png":["assets/images/microphone.png"],"assets/images/onboarding1.jpg":["assets/images/onboarding1.jpg"],"assets/images/onboarding2.jpg":["assets/images/onboarding2.jpg"],"assets/images/onboarding3.jpg":["assets/images/onboarding3.jpg"],"assets/images/ongoing.jpg":["assets/images/ongoing.jpg"],"assets/images/paperback.png":["assets/images/paperback.png"],"assets/images/paperbg.png":["assets/images/paperbg.png"],"assets/images/partners.jpg":["assets/images/partners.jpg"],"assets/images/partners.png":["assets/images/partners.png"],"assets/images/qrcode.png":["assets/images/qrcode.png"],"assets/images/registration.jpg":["assets/images/registration.jpg"],"assets/images/resources.png":["assets/images/resources.png"],"assets/images/rogers.png":["assets/images/rogers.png"],"assets/images/schedule.png":["assets/images/schedule.png"],"assets/images/sponsors.jpg":["assets/images/sponsors.jpg"],"assets/images/sponsors.png":["assets/images/sponsors.png"],"assets/images/thankyou.jpg":["assets/images/thankyou.jpg"],"assets/images/thomas.jpg":["assets/images/thomas.jpg"],"assets/images/trilogo.png":["assets/images/trilogo.png"],"assets/images/user.jpg":["assets/images/user.jpg"],"assets/images/vote.png":["assets/images/vote.png"],"assets/images/watermark.png":["assets/images/watermark.png"],"packages/cupertino_icons/assets/CupertinoIcons.ttf":["packages/cupertino_icons/assets/CupertinoIcons.ttf"]}